model,rmse,r2
RandomForest,0.07305707393998605,0.7372126217633841
XGBoost,0.075047093000082,0.7227013836723908
