model,rmse,r2
RandomForest,0.07134829687824938,0.7443842555900175
XGBoost,0.07332964062216345,0.7299902218725114
